code,title,artist,url
9900001,Dai Zero Kan,10-FEET,https://www.youtube.com/watch?v=M8eJOxPzn-w
9900002,Kimi wa 1000％,1986 OMEGA TRIBE,https://www.youtube.com/watch?v=dtat3nB4PRA
9900003,Lovers,7!!,https://www.youtube.com/watch?v=vvnvgc3e-uw
9900004,Orange,7!!,https://www.youtube.com/watch?v=nHD_I2mKen4
9900005,"Tokubechu, Shite",=LOVE,https://www.youtube.com/watch?v=1_XplwL6whE
9900006,Wataridori,[Alexandros],https://www.youtube.com/watch?v=UQnj0oDeF0A
9900007,Atashi wa mondaisaku (I’m a Controversy),Ado,https://www.youtube.com/watch?v=eEUYcu_ie9k
9900008,Chocolat Cadabra,Ado,https://www.youtube.com/watch?v=mjylQh8uqvM
9900009,Elf,Ado,https://www.youtube.com/watch?v=iIm2GNQyf64
9900010,Fleeting Lullaby,Ado,https://www.youtube.com/watch?v=FkD1C_6K2Ik
9900011,Himawari,Ado,https://www.youtube.com/watch?v=cNacttzuSaI
9900012,Kaze no yukue (Where the Wind Blows),Ado,https://www.youtube.com/watch?v=6ri0JGcquVs
9900013,Odo,Ado,https://www.youtube.com/watch?v=oqgEllz0NEQ
9900014,RuLe,Ado,https://www.youtube.com/watch?v=AHRTTBy8LSM
9900015,Shinjidai (New Genesis),Ado,https://www.youtube.com/watch?v=JfVbRUa4hDM
9900016,Shou (Show),Ado,https://www.youtube.com/watch?v=bBgG1iH5sSY
9900017,Tot Musica,Ado,https://www.youtube.com/watch?v=m8FrL22JO4Y
9900018,Usseewa,Ado,https://www.youtube.com/watch?v=ys13dQFvjLs
9900019,Watashiwa saikyou (Uta from ONE PIECE FILM RED),Ado,https://www.youtube.com/watch?v=ZPtQsq0pmYw
9900020,1･2･3,After the Rain(Soraru×Mafumafu),https://www.youtube.com/watch?v=ThskdPpvH7c
9900021,Story,AI,https://www.youtube.com/watch?v=a1Xn_Ft4cfQ
9900022,Yumemiru Shojo Ja Irarenai (Bang! Bang! Bang! Bang!),Aikawa Nanase,https://www.youtube.com/watch?v=UT4Pj-Q-Fro
9900023,Boyfriend,aiko,https://www.youtube.com/watch?v=5sPqH5FrkqQ
9900024,Hanabi,aiko,https://www.youtube.com/watch?v=vSsrqkUzZuk
9900025,kabutomushi,aiko,https://www.youtube.com/watch?v=PrzKF5nM_Bk
9900026,KissHug,aiko,https://www.youtube.com/watch?v=hGHs6PEfB_M
9900027,Soushi Souai,aiko,https://www.youtube.com/watch?v=hLEMh3tbTAk
9900028,A World Where the Sun Never Rises (Taiyo ga noboranai sekai),Aimer,https://www.youtube.com/watch?v=5T64f3jLviY
9900029,Brave Shine,Aimer,https://www.youtube.com/watch?v=JHgMRN6j1uk
9900030,Zankyou Sanka,Aimer,https://www.youtube.com/watch?v=NhaGtxvdSbQ
9900031,Ai no hana,Aimyon,https://www.youtube.com/watch?v=9aVPp9c3QjI
9900032,Aiwo tsutaetai datoka,Aimyon,https://www.youtube.com/watch?v=3Y-G_L5HR0I
9900033,Anata Kaibou Junaika ～Shine～,Aimyon,https://www.youtube.com/watch?v=ya1nO6vlR8g
9900034,Futaba,Aimyon,https://www.youtube.com/watch?v=790HdBLbCY8
9900035,Hadaka no Kokoro,Aimyon,https://www.youtube.com/watch?v=8gz8Sa4ITyw
9900036,Harunohi,Aimyon,https://www.youtube.com/watch?v=Jf3cGTKTJCQ
9900037,Kimi wa Rock wo kikanai (You Don't Listen to Rock),Aimyon,https://www.youtube.com/watch?v=J6Y_QtvklYo
9900038,Marigold,Aimyon,https://www.youtube.com/watch?v=6uiu25Sx8d8
9900039,Sketch,Aimyon,https://www.youtube.com/watch?v=qINpa9WQLZc
9900040,On The Way (Kakumei Doucyuu),AiNA THE END,https://www.youtube.com/watch?v=YI1zQR55fJM
9900041,Ai♡Scream!,AiScReam,https://www.youtube.com/watch?v=22yBbfBfKJA
9900042,Merry You,Akamatsu Hidehiro,https://www.youtube.com/watch?v=20ToLu0vKUM
9900043,365 Nichi no Kamihikouki,AKB48,https://www.youtube.com/watch?v=d-KBty_8vjs
9900044,Aitakatta,AKB48,https://www.youtube.com/watch?v=zeW056jVffs
9900045,"Everyday, Kachusha (Everyday, Headband Girl)",AKB48,https://www.youtube.com/watch?v=Qns7mVygUVs
9900046,Flying Get,AKB48,https://www.youtube.com/watch?v=rBUdg26ovBA
9900047,Heavy Rotation,AKB48,https://www.youtube.com/watch?v=xyPgX-iOO28
9900048,Koisuru fortune cookie,AKB48,https://www.youtube.com/watch?v=ztMKROJxFoU
9900049,Labrador Retriever,AKB48,https://www.youtube.com/watch?v=doFWZp8pVDQ
9900050,Ponytail to Shushu (Ponytail and Chouchou),AKB48,https://www.youtube.com/watch?v=rXI4ybyZjn8
9900051,Sayonara Crawl,AKB48,https://www.youtube.com/watch?v=sqeIRorAuHs
9900052,A Thousand Wings,Akikawa Masafumi,https://www.youtube.com/watch?v=CFaX5qdWl0o
9900053,Genesis of Aquarion,AKINO,https://www.youtube.com/watch?v=E0t_qGRn-4A
9900054,Wataridori,Alexandros,https://www.youtube.com/watch?v=oHkVw-eQctM
9900055,Kakurenbo (Hide and Seek),Alia,https://www.youtube.com/watch?v=9GSGN5xFGzg
9900056,DAIDAIDAIDAIDAIKIRAI,Amala,https://www.youtube.com/watch?v=HL7B4PXJXxI
9900057,Kisetsu wa TsugiTsugi Shindeiku (Seasons die one after another),amazarashi,https://www.youtube.com/watch?v=QblpLT0ZhjM
9900058,matsu wa,Aming,https://www.youtube.com/watch?v=aH4_3nyNPJ8
9900059,CAN YOU CELEBRATE?,Amuro Namie,https://www.youtube.com/watch?v=PuaJTcDxmfY
9900060,Fight Together,Amuro Namie,https://www.youtube.com/watch?v=EyM3HUpFN5w
9900061,Hero,Amuro Namie,https://www.youtube.com/watch?v=eIjVJ58CcuQ
9900062,"WANT ME, WANT ME",Amuro Namie,https://www.youtube.com/watch?v=JtuFS5DsL8A
9900063,Tegami (Haikei Juugo no Kimi e),Angela Aki,https://www.youtube.com/watch?v=gcxH5EDkdns
9900064,Roppongi shinjû (Roppongi Suicide),Ann Lewis,https://www.youtube.com/watch?v=dovUpN3_2BI
9900065,"Chu, Tayousei.",ano,https://www.youtube.com/watch?v=oz5XQ0RHSIw
9900066,Happy Lucky Chappy,ano,https://www.youtube.com/watch?v=F0elwkNzrWk
9900067,Kanashimi ga Tomaranai (I can't stop the loneliness),Anri,https://www.youtube.com/watch?v=cX61eIVLmyw
9900068,Olivia wo kikinagara,Anri,https://www.youtube.com/watch?v=BKV2vAe4xUM
9900069,My First Kiss,Anshin Papa,https://www.youtube.com/watch?v=FIWG0rAkeOQ
9900070,Kanashimini sayonara,Anzen Chitai,https://www.youtube.com/watch?v=pgMLa_55wPk
9900071,Koi no Yokan,Anzen Chitai,https://www.youtube.com/watch?v=SjHd46btTFI
9900072,Wine red no kokoro,Anzen Chitai,https://www.youtube.com/watch?v=cusTiGc2bv0
9900073,Soba ni Irune,Aoyama Thelma feat.SoulJa,https://www.youtube.com/watch?v=surtDi50HTk
9900074,Sen no Yoru wo Koete,Aqua Timez,https://www.youtube.com/watch?v=cicaMuidZUk
9900075,Chuo Freeway,Arai Yumi,https://www.youtube.com/watch?v=_wKB-CCwq6Y
9900076,Rouge no Dengon,Arai Yumi,https://www.youtube.com/watch?v=CoKUcAclgDA
9900077,Sotsugyou Shashin,Arai Yumi,https://www.youtube.com/watch?v=vfxQoZs-rVM
9900078,Yasashisa ni Tsutsumareta Nara (Embraced In Softness),Arai Yumi,https://www.youtube.com/watch?v=1Q7YpzPHtMU
9900079,Wasurejino kotonoha,Ashimine Kiwako,https://www.youtube.com/watch?v=Fmm9enx-f4g
9900080,Haruka Kanata,ASIAN KUNG-FU GENERATION,https://www.youtube.com/watch?v=OXtFeISCbzI
9900081,Rewrite,ASIAN KUNG-FU GENERATION,https://www.youtube.com/watch?v=oTiF3HGD_RA
9900082,Otonablue,ATARASHII GAKKO!,https://www.youtube.com/watch?v=EoteG672DvI
9900083,Mikaduki,Ayaka,https://www.youtube.com/watch?v=cMwuIv3Y8zY
9900084,Nijiiro,Ayaka,https://www.youtube.com/watch?v=VbCO5J-f-6w
9900085,Katachi,Azuna Riko,https://www.youtube.com/watch?v=ToZb4CVg6YU
9900086,Sign wa B (Ai Solo Ver.),B komachi Ai(CV:Takahashi Rie),https://www.youtube.com/watch?v=QS63YkVVFsc
9900087,STAR☆T☆RAIN New Arrange Ver.,"B Komachi Ruby, Arima Kana, MEMcho",https://www.youtube.com/watch?v=sUmdEWoSnI4
9900088,LOVE PHANTOM,B'z,https://www.youtube.com/watch?v=zYKANruiHnY
9900089,ultra soul,B'z,https://www.youtube.com/watch?v=0Tb_9kt13kw
9900090,POP IN 2,"B-Komachi, Ruby, Arima Kana, Mem-Cho's",https://www.youtube.com/watch?v=gUXLLuJ7fd0
9900091,Odoru Ponpokorin,B.B.Queens,https://www.youtube.com/watch?v=p7zRyw13Mck
9900092,Kimiga sukidato sakebitai,BAAD,https://www.youtube.com/watch?v=ks--IbcJZrI
9900093,KARATE,BABYMETAL,https://www.youtube.com/watch?v=QfU4W3FA4k4
9900094,Atarashii koibitotachi ni (To new lovers),Back Number,https://www.youtube.com/watch?v=LejHZTkkqI4
9900095,Blue Amber,back number,https://www.youtube.com/watch?v=jMugzSvF924
9900096,Christmas song,back number,https://www.youtube.com/watch?v=A9TAtPYOdgI
9900097,Koi,back number,https://www.youtube.com/watch?v=1RlriAcQpJc
9900098,Mabataki,back number,https://www.youtube.com/watch?v=7xhaz3anRh4
9900099,Maku ga Agaru (The Unveiling),back number,https://www.youtube.com/watch?v=l-9t7ZNZRNM
9900100,Suiheisen,back number,https://www.youtube.com/watch?v=Kmy8oVqTsW8
9900101,Takane no Hanako-san,back number,https://www.youtube.com/watch?v=xpSWjQO3-NA
9900102,The Promise Of The World,Baishou Chieko,https://www.youtube.com/watch?v=GL4KSU-LHqU
9900103,Runner,BAKUFU-SLUMP,https://www.youtube.com/watch?v=AdoPPtalQkU
9900104,Charles(self cover),balloon,https://www.youtube.com/watch?v=DDh4u4VsGog
9900105,Shimanchunu takara,BEGIN,https://www.youtube.com/watch?v=GPOKoNIxx9U
9900106,Kokoro no Chizu,BOYSTYLE,https://www.youtube.com/watch?v=jrVHt1eO-1Y
9900107,Acacia,BUMP OF CHICKEN,https://www.youtube.com/watch?v=J93SoBnJxVs
9900108,SOUVENIR,BUMP OF CHICKEN,https://www.youtube.com/watch?v=sdSNwos7yfY
9900109,Tentai kansoku,BUMP OF CHICKEN,https://www.youtube.com/watch?v=6MnHLYG5gWw
9900110,FLY HIGH!!,BURNOUT SYNDROMES,https://www.youtube.com/watch?v=PnG5Xx16Goc
9900111,Hohoemi gaeshi,Candies,https://www.youtube.com/watch?v=2z0IzvLxFiU
9900112,Toshishita no Otokonoko (He's a cute younger boy),Candies,https://www.youtube.com/watch?v=Tah11YH85oo
9900113,BaiBai FIGHT!,CANDY TUNE,https://www.youtube.com/watch?v=u4WL52UoHks
9900114,Arrietty's Song,Cecile Corbel,https://www.youtube.com/watch?v=mMzFOv7u3U0
9900115,SAY YES,CHAGE & ASKA,https://www.youtube.com/watch?v=M-2TlCbGpow
9900116,^_^,Chanmina,https://www.youtube.com/watch?v=xgQuoMVrWtk
9900117,Dahlia,Chanmina,https://www.youtube.com/watch?v=n9pT6FUXFiA
9900118,Pain Is Beauty,Chanmina,https://www.youtube.com/watch?v=trpE4JsIG4M
9900119,Sad Song,Chanmina,https://www.youtube.com/watch?v=GdokYmRTbZw
9900120,KASSAI (BE-TWEEN STAGE),Chiaki Naomi,https://www.youtube.com/watch?v=gD67eGtPxjE
9900121,Pride Kakumei,CHiCO with HoneyWorks,https://www.youtube.com/watch?v=C994XZhCPb4
9900122,Sekai wa Koi ni Ochiteiru,CHiCO with HoneyWorks,https://www.youtube.com/watch?v=QjqjWB837hg
9900123,Yuuyake Koyake,Children's song,https://www.youtube.com/watch?v=aCuI8wYK8aM
9900124,Goodbye Sengen,Chinozo,https://www.youtube.com/watch?v=C7xnMT-EGB0
9900125,Anatano koibitoni naritai,Cho Q May,https://www.youtube.com/watch?v=82lfY79MOqU
9900126,Chousaikyou,Cho Tokimeki♡Sendenbu,https://www.youtube.com/watch?v=zuxBsKacGb0
9900127,Kokoronashi,Chouchou-P  feat.GUMI,https://www.youtube.com/watch?v=vX-0ZnT0R6M
9900128,I LOVE YOU,Chris Hart,https://www.youtube.com/watch?v=7iTTBi818jQ
9900129,Connect,ClariS,https://www.youtube.com/watch?v=_tNb4yLtVTE
9900130,BLOODY STREAM,Coda,https://www.youtube.com/watch?v=9zSHbLg3_l4
9900131,Bling-Bang-Bang-Born,Creepy Nuts,https://www.youtube.com/watch?v=ocbpwsl0GII
9900132,Daten,Creepy Nuts,https://www.youtube.com/watch?v=xLPmVYvOM4k
9900133,doppelgänger,Creepy Nuts,https://www.youtube.com/watch?v=4UXvuDw77dA
9900134,Nidone,Creepy Nuts,https://www.youtube.com/watch?v=bGP2HNHNSC0
9900135,Otonoke,Creepy Nuts,https://www.youtube.com/watch?v=-0FqHeJClmk
9900136,Ai wo torimodose !!,Crystal king,https://www.youtube.com/watch?v=ctMK8aAVwC4
9900137,Hitamuki Cinderella!,CUTIE STREET,https://www.youtube.com/watch?v=hckKDMA-VOI
9900138,Kawaii dake ja dame desu ka?,CUTIE STREET,https://www.youtube.com/watch?v=XlJxkqTwIYI
9900139,Lovetore (Love Train),CUTIE STREET,https://www.youtube.com/watch?v=wykqRh9vlQs
9900140,CITRUS,Da-iCE,https://www.youtube.com/watch?v=zUjFE7369Ek
9900141,I wonder,Da-iCE,https://www.youtube.com/watch?v=G1aIyou9OHI
9900142,Sorega Daiji (What's most precious),Daijiman Brothers Band,https://www.youtube.com/watch?v=A6K3ywVVl34
9900143,Moonlight densetsu (Moonlight Legend),DALI,https://www.youtube.com/watch?v=tWy8EtGRbho
9900144,Uchiage hanabi,DAOKO×Yonezu Kenshi,https://www.youtube.com/watch?v=zgmJSafGGLk
9900145,Monitoring,DECO*27,https://www.youtube.com/watch?v=w3kgMis8Md8
9900146,Telepathy,DECO*27,https://www.youtube.com/watch?v=f65pIFptf_Q
9900147,The Vampire feat. Hatsune Miku,DECO*27,https://www.youtube.com/watch?v=1eVkxHlrgb4
9900148,Rabbit Hole,DECO*27 feat. Hatsune Miku,https://www.youtube.com/watch?v=IsioIxy1pfc
9900149,[Karaoke] Konomama Kimi Dake wo Ubaisaritai,DEEN,https://www.youtube.com/watch?v=HroA2IJPxKo
9900150,Konomama Kimidake wo Ubaisaritai,DEEN,https://www.youtube.com/watch?v=WFtIBO2M7bU
9900151,Neko,DISH//,https://www.youtube.com/watch?v=yP0pEL0svqk
9900152,No.1,DISH//,https://www.youtube.com/watch?v=ajZ3Mpy_Uus
9900153,Just Be Friends,Dixie Flatline feat.MEGURINE LUKA,https://www.youtube.com/watch?v=wE5LibJapys
9900154,donten,DOES,https://www.youtube.com/watch?v=SivII2jf-0w
9900155,Romeo and Cinderella,doriko feat. Hatsune Miku,https://www.youtube.com/watch?v=Vt3nyYnKJ0o
9900156,Get Over,dream,https://www.youtube.com/watch?v=ejA00Rx1tSE
9900157,Anpanman's March,Dreaming,https://www.youtube.com/watch?v=-Q0I_r202n4
9900158,LOVE LOVE LOVE,DREAMS COME TRUE,https://www.youtube.com/watch?v=YkekxAUfUq8
9900159,Mirai yosouzu II,Dreams Come True,https://www.youtube.com/watch?v=IdGfewl_6_o
9900160,The Everlasting Guilty Crown,EGOIST,https://www.youtube.com/watch?v=gqnBunSw1X8
9900161,Kousui,Eito,https://www.youtube.com/watch?v=bU32q-ibkzQ
9900162,Koyoi No Tsuki No Youni (Like the moon tonight),Elephant Kashimashi,https://www.youtube.com/watch?v=83aq44U37QA
9900163,INNOCENCE,Eri Aoi,https://www.youtube.com/watch?v=E1qQOm1zaRI
9900164,Kaikai kitan,Eve,https://www.youtube.com/watch?v=ZkmyoroQZ6k
9900165,DAN DAN kokoro hikareteku,FIELD OF VIEW,https://www.youtube.com/watch?v=oHf4oZhyhls
9900166,COLORS,flow,https://www.youtube.com/watch?v=IZkthR8TkNA
9900167,GO!!!,flow,https://www.youtube.com/watch?v=M3s1bgWd_OY
9900168,Sign,FLOW,https://www.youtube.com/watch?v=14SzFMKqk7g
9900169,WORLD END,FLOW,https://www.youtube.com/watch?v=AQkORXbgLF8
9900170,Believe,Folder 5,https://www.youtube.com/watch?v=dQa8flm_LiI
9900171,Kagami,FRUITS ZIPPER,https://www.youtube.com/watch?v=yHvp0CuYWO0
9900172,Watashi no Ichiban Kawaiitokoro,FRUITS ZIPPER,https://www.youtube.com/watch?v=lYHF599WnXM
9900173,TRUE LOVE,Fujii Fumiya,https://www.youtube.com/watch?v=CvuTQ_Baia8
9900174,Garden,Fujii Kaze,https://www.youtube.com/watch?v=MbgNbMbxu-c
9900175,Hana,Fujii kaze,https://www.youtube.com/watch?v=x2EDKK5bGck
9900176,Kirari,Fujii Kaze,https://www.youtube.com/watch?v=5XqbuGDfctg
9900177,Matsuri,Fujii Kaze,https://www.youtube.com/watch?v=bAjhxSoDyUg
9900178,Michi Teyu Ku,Fujii Kaze,https://www.youtube.com/watch?v=jrCgkYRsIO8
9900179,Shinunoga E-Wa,Fujii Kaze,https://www.youtube.com/watch?v=jBbjzKZ5XPU
9900180,Sakurazaka,Fukuyama Masaharu,https://www.youtube.com/watch?v=MODFy04Osd4
9900181,Soubou,Fukuyama Masaharu,https://www.youtube.com/watch?v=6p38OLwqaP4
9900182,Atohitotsu,FUNKY MONKEY BABYS,https://www.youtube.com/watch?v=tC6GxgMxl28
9900183,Aoi shiori,Galileo Galilei,https://www.youtube.com/watch?v=kNIRp6iAAzo
9900184,Fatal,GEMN (Nakajima Kento & Kitani Tatsuya),https://www.youtube.com/watch?v=h0ZpGYggxxA
9900185,HOWEVER,GLAY,https://www.youtube.com/watch?v=TKGWPTSLjU8
9900186,Ginga Teteudou 999 (THE GALAXY EXPRESS 999),Godaigo,https://www.youtube.com/watch?v=zisr-chB7DA
9900187,DANZEN! Futari wa Pretty Cure,Gojo Mayumi,https://www.youtube.com/watch?v=TPMYAuLgahk
9900188,MeMe Shikute,Golden Bomber,https://www.youtube.com/watch?v=AKzEOJOkz3Y
9900189,Hikarunara,Goose house,https://www.youtube.com/watch?v=2zX178PKftQ
9900190,Kiseki,GReeeeN,https://www.youtube.com/watch?v=8iXvqwiwkZs
9900191,Omoide ga Ippai ～the 21st century～,H2O,https://www.youtube.com/watch?v=Ja-ok32bsbY
9900192,Matryoshka,Hachi,https://www.youtube.com/watch?v=DC8zgjD9uSE
9900193,Otsukare Summer,HALCALI,https://www.youtube.com/watch?v=1s0m5sWO3zc
9900194,Mou Hitotsu no Doyoubi (We Are Still On The Road),Hamada Shogo,https://www.youtube.com/watch?v=IZL5k-lruNQ
9900195,BLUE BIRD,Hamasaki Ayumi,https://www.youtube.com/watch?v=I1WI5V-NrHs
9900196,CAROLS,Hamasaki Ayumi,https://www.youtube.com/watch?v=FJW08QrrCo0
9900197,GREEN,Hamasaki Ayumi,https://www.youtube.com/watch?v=-SbdpKkulJg
9900198,BAD LOVE,HANA,https://www.youtube.com/watch?v=IJhJnWuEuFA
9900199,Blue Jeans,HANA,https://www.youtube.com/watch?v=l22W7zAkd5w
9900200,Drop,HANA,https://www.youtube.com/watch?v=Gb3LGy_UTQM
9900201,Sailor Star song,Hanazawa Kae,https://www.youtube.com/watch?v=9FFmkiZv1I8
9900202,Hito mania,Haraguchi Sasuke,https://www.youtube.com/watch?v=jn1iXNgEH-U
9900203,CandyCookieChocolate,Harokeru,https://www.youtube.com/watch?v=QVNqLRZrcvA
9900204,Romantic Ageruyo,Hashimoto Ushio,https://www.youtube.com/watch?v=DmpbLm56s-Q
9900205,Himawarino Yakusoku,Hata Motohiro,https://www.youtube.com/watch?v=dcCWn0y6_dU
9900206,Super Heroine,Heisei Flamingo,https://www.youtube.com/watch?v=5KPE6awi43Y
9900207,Ichirin no Hana,HIGH and MIGHTY COLOR,https://www.youtube.com/watch?v=GqVNHzSOa-Q
9900208,Akuma No Ko,Higuchiai,https://www.youtube.com/watch?v=wrELvPWxfmE
9900209,TETORIS,Hiiragi Magnetite,https://www.youtube.com/watch?v=i8_mVQ-MFI0
9900210,Genkai toppa × Survivor (Limit Break x Survivor),Hikawa Kiyoshi,https://www.youtube.com/watch?v=vyxeaxf4UnM
9900211,Kyun,Hinatazaka46,https://www.youtube.com/watch?v=ns1L-PCHDM0
9900212,Jupiter,Hirahara Ayaka,https://www.youtube.com/watch?v=a_LvXhmpPQ8
9900213,Bokuwa kimini koiwosuru,Hirai Ken,https://www.youtube.com/watch?v=F6JX0kGH_Yc
9900214,Hitomiwo tojite,Hirai Ken,https://www.youtube.com/watch?v=-6jgs1Ud9Ug
9900215,Okina Furudokei (Grandfather's clock singing),Hirai Ken,https://www.youtube.com/watch?v=EOFQaMC126Y
9900216,God knows…,Hirano Aya,https://www.youtube.com/watch?v=7MHkfnJcJBo
9900217,JoJo ~For the Fate of That Blood~,"Hiroaki ""TOMMY"" Tominaga",https://www.youtube.com/watch?v=DJWMKGlc7Uc
9900218,Romance no Kamisama,Hirose Koumi,https://www.youtube.com/watch?v=cj_OZS8rSsw
9900219,Hanamizuki,Hitoto You,https://www.youtube.com/watch?v=w5KJ4dY5jnM
9900220,more than words,hitsujibungaku,https://www.youtube.com/watch?v=TITec1ccze4
9900221,Kawaikute gomen (feat. Kapi),HoneyWorks,https://www.youtube.com/watch?v=nuVUTE8jrmk
9900222,Candy Candy,Horie Mitsuko,https://www.youtube.com/watch?v=7JsVOzdOS4g
9900223,Voltes V no uta (Voltes V song),Horie Mitsuko,https://www.youtube.com/watch?v=r3QJ3aP9lzo
9900224,Candy Candy,"Horie Mitsuko, The Chirps",https://www.youtube.com/watch?v=g98928lANkQ
9900225,Bibbidiba,Hoshimachi Suisei,https://www.youtube.com/watch?v=dPwp3veOtTU
9900226,Moonlight,Hoshimachi Suisei,https://www.youtube.com/watch?v=e9eKNwNuH4o
9900227,Stellar Stellar,Hoshimachi Suisei,https://www.youtube.com/watch?v=I4ZZJfHg6V0
9900228,Doraemon,Hoshino Gen,https://www.youtube.com/watch?v=McgsTI4f7o4
9900229,Kigeki (Comedy),Hoshino Gen,https://www.youtube.com/watch?v=jgiqvtuv1Yo
9900230,Koi,Hoshino Gen,https://www.youtube.com/watch?v=WUwg89Ry_Tg
9900231,Kita Sakaba,Hosokawa Takashi,https://www.youtube.com/watch?v=FKy4BWMgsJw
9900232,Bishoujo Muzai♡Pirates,HOUSHOU MARINE,https://www.youtube.com/watch?v=97adILLpyu4
9900233,Pai Pai kamen de doukashiran (How about Pai Pai Mask),Houshou Marine,https://www.youtube.com/watch?v=HhCiLBWJznc
9900234,I I I,"Houshou Marine,Kobo & Kanaeru",https://www.youtube.com/watch?v=dT_sDYZVtos
9900235,Warattari Korondari (Laughing and Falling),Humbert Humbert,https://www.youtube.com/watch?v=7pY_EQ0YgWs
9900236,366 nichi (Sanbyaku rokujyuu roku nichi),HY,https://www.youtube.com/watch?v=TTUE1E80iyQ
9900237,Alright! Heartcatch Pretty Cure!,Ikeda Aya,https://www.youtube.com/watch?v=KaHm8UIlz9Y
9900238,Let's go! Smile Pretty Cure!,Ikeda Aya,https://www.youtube.com/watch?v=xz8fo5w8evU
9900239,Tobe GUNDAM (Fly! Gundam),Ikeda Kou feeling free Music Creation,https://www.youtube.com/watch?v=kIhiy3KrTe0
9900240,Joyful,Ikimono Gakari,https://www.youtube.com/watch?v=YjQ8CVpiymI
9900241,Koisuru Otome,Ikimono Gakari,https://www.youtube.com/watch?v=Pv1H0nFSlVI
9900242,Arigatou,Ikimonogakari,https://www.youtube.com/watch?v=cJqOpb6dxaY
9900243,Bluebird,Ikimonogakari,https://www.youtube.com/watch?v=0Foat2EqX3E
9900244,Egao,Ikimonogakari,https://www.youtube.com/watch?v=Psi3o1xDQoU
9900245,Hotaruno hikari,Ikimonogakari,https://www.youtube.com/watch?v=gMfccbgbF1g
9900246,Kazega fuiteiru,Ikimonogakari,https://www.youtube.com/watch?v=lan5d--GnB4
9900247,Kimagure Romantic,IkimonoGakari,https://www.youtube.com/watch?v=SI3YrDQaBc8
9900248,Last Scene,Ikimonogakari,https://www.youtube.com/watch?v=x4DCEg6QuTw
9900249,SAKURA,Ikimonogakari,https://www.youtube.com/watch?v=u8KWzO0Qa4Y
9900250,YELL,Ikimonogakari,https://www.youtube.com/watch?v=xTYLDDHXLL4
9900251,Koikaze,Ikuta Rira,https://www.youtube.com/watch?v=uBxv6mdFcqw
9900252,Hyakka Ryouran (In Bloom),Ikuta Riras,https://www.youtube.com/watch?v=RQ8hTR8-rzY
9900253,Ai ni KiTE!,iLiFE!,https://www.youtube.com/watch?v=GW4H_9fYdCA
9900254,PRIDE,Imai Miki,https://www.youtube.com/watch?v=ZExzTPeX4h4
9900255,NIGHT DANCER,imase,https://www.youtube.com/watch?v=2xa_ldZfF_o
9900256,Kazeno tanino naushika(Nausicaa of the valley of the wind),Inoue Azumi,https://www.youtube.com/watch?v=4D20ZEZD__A
9900257,Kimiwo nosete (Carrying you),Inoue Azumi,https://www.youtube.com/watch?v=shWn33nruhw
9900258,Sanpo,Inoue Azumi,https://www.youtube.com/watch?v=4k3BEKdg8m4
9900259,Tonarino Totoro (My Neighbor Totoro),Inoue Azumi,https://www.youtube.com/watch?v=iUyRACQn4wU
9900260,Yumeno Nakae,Inoue Yosui,https://www.youtube.com/watch?v=oRHrGcqvYMQ
9900261,Natsu no Owari no Harmony,Inoue Yosui & Anzen chitai,https://www.youtube.com/watch?v=QNgAgd5a6VQ
9900262,Shounen jidai,Inoue Yousui,https://www.youtube.com/watch?v=rm65kW2H2MI
9900263,Nagori Yuki,IRUKA,https://www.youtube.com/watch?v=9YX5KXV0LU8
9900264,Blue Light Yokohama,Ishida Ayumi,https://www.youtube.com/watch?v=bsAi0rVFK08
9900265,Otome no Policy,Ishida Yoko,https://www.youtube.com/watch?v=yGOMlv_Dwd8
9900266,Amagigoe,Ishikawa Sayuri,https://www.youtube.com/watch?v=2wxNYT7mSUA
9900267,Tsugaru Kaikyo Fuyugeshiki,Ishikawa Sayuri,https://www.youtube.com/watch?v=UYjZJq3WTIE
9900268,MoeChakkaFire,Issey,https://www.youtube.com/watch?v=10qlIvHwgvw
9900269,Soshite Meguriai,Itsuki Hiroshi,https://www.youtube.com/watch?v=bfOZWwkdlYk
9900270,Koibitoyo (My Only Love),Itsuwa Mayumi,https://www.youtube.com/watch?v=SSDmkJ-CXEI
9900271,Kokoro no tomo (The friend of the heart),Itsuwa Mayumi,https://www.youtube.com/watch?v=_I-86zHqR5M
9900272,Madonna tachi no lullaby (Holy mothers lullaby),Iwasaki Hiromi,https://www.youtube.com/watch?v=3nzbtoB9Umk
9900273,Touch,Iwasaki Yoshimi,https://www.youtube.com/watch?v=4GQAi2NAUsY
9900274,Kyu-kurarin,Iyowa feat.KAFU,https://www.youtube.com/watch?v=Nh4CcutcUJg
9900275,THE HERO!! (Ikareru Kobushi ni Hi wo Tsukero),JAM Project,https://www.youtube.com/watch?v=abFYZxG6djE
9900276,Summertime Record,Jin(shizennoteki P) feat.IA,https://www.youtube.com/watch?v=85gJ40tYZd0
9900277,Konton Boogie,jon-YAKITORY feat.Hatsune Miku,https://www.youtube.com/watch?v=-ZpKibvDl2Y
9900278,Over Drive,JUDY AND MARY,https://www.youtube.com/watch?v=bI2JpfjHG2A
9900279,Sobakasu,JUDY AND MARY,https://www.youtube.com/watch?v=BMD6xzj2S3g
9900280,Miserarete,Judy Ongg,https://www.youtube.com/watch?v=FSbjiujbalI
9900281,Bokutachi wa Tenshi Datta,Kageyama Hironobu,https://www.youtube.com/watch?v=ZYVLbgq6Upo
9900282,CHA-LA HEAD-CHA-LA,Kageyama Hironobu,https://www.youtube.com/watch?v=TEAVZvrOngA
9900283,Saikyo no Fusion,Kageyama Hironobu,https://www.youtube.com/watch?v=EgJiSIEUTEY
9900284,WE GOTTA POWER,Kageyama Hironobu,https://www.youtube.com/watch?v=w__qHxDUK8w
9900285,Kandagawa,Kaguyahime,https://www.youtube.com/watch?v=IN-NBRp8I_k
9900286,Okuru Kotoba,KAIENTAI,https://www.youtube.com/watch?v=f7h_D70PkvE
9900287,Bug,Kairiki Bear,https://www.youtube.com/watch?v=xAJ_cjTVwp4
9900288,Ai wa Katsu,KAN,https://www.youtube.com/watch?v=AxEgYuO0I3U
9900289,Best Friend,Kana Nishino,https://www.youtube.com/watch?v=MOJDpopyL6o
9900290,Nai Mono Nedari,KANA-BOON,https://www.youtube.com/watch?v=nvZLPWLp8_8
9900291,Silhouette,KANA-BOON,https://www.youtube.com/watch?v=EXRf5GPwG4E
9900292,Star marker,KANA-BOON,https://www.youtube.com/watch?v=1NQUDFwSrSg
9900293,Envy Baby,Kanaria,https://www.youtube.com/watch?v=TNW3Czf63d8
9900294,KING,Kanaria,https://www.youtube.com/watch?v=D3tkOxV_44A
9900295,Yoidore shirazu (An Unaware Drunk),Kanaria,https://www.youtube.com/watch?v=e5ernRQz5Hw
9900296,Stella-rium,Kano,https://www.youtube.com/watch?v=oCEPGiv0dLU
9900297,Inochi ni kirawarete iru. (Hated by Life Itself.),Kanzaki Iori,https://www.youtube.com/watch?v=TeH4Jy_O0wc
9900298,Maru Maru Mori Mori !,"Kaoru to Tomoki, Tama ni Mook",https://www.youtube.com/watch?v=uwtaoTwpsiw
9900299,Anata no Yoru ga Akeru Made,Kasamura Toota feat.IA &Fukase,https://www.youtube.com/watch?v=yYt59xLo0qo
9900300,Real Face,KAT-TUN,https://www.youtube.com/watch?v=eBQWnNLPKuQ
9900301,1/2,Kawamoto Makoto,https://www.youtube.com/watch?v=Tl2rZmuDUWs
9900302,Futarizake,Kawanaka Miyuki,https://www.youtube.com/watch?v=A9DBEgeLuA8
9900303,Mahouno Jyuutan (Magic Carpet),Kawasaki Takaya,https://www.youtube.com/watch?v=nuyoZB1G-fU
9900304,Kimi to itsumade mo,Kayama Yuzo,https://www.youtube.com/watch?v=sKXDpjsiuh4
9900305,Sarai,"Kayama Yuzo, Tanimura Shinji",https://www.youtube.com/watch?v=erh1aS7d1UI
9900306,Ohayou.,Keno,https://www.youtube.com/watch?v=Kvz6vTSN-fk
9900307,OVERLAP,Kimeru,https://www.youtube.com/watch?v=jBy7awB3qjU
9900308,Butterfly,Kimura Kaela,https://www.youtube.com/watch?v=j3EIdTB5ago
9900309,Itsumo nando demo,Kimura Yumi,https://www.youtube.com/watch?v=_7JofOMOxCU
9900310,Itsumo nando demo(Always with me),Kimura Yumi,https://www.youtube.com/watch?v=RfvV1kLGkjQ
9900311,Cinderella girl,King & Prince,https://www.youtube.com/watch?v=BwfoPO3AZ-4
9900312,Chameleon,King Gnu,https://www.youtube.com/watch?v=YYtgwCTk_7w
9900313,Hakujitsu,King Gnu,https://www.youtube.com/watch?v=pwljzWhCYw0
9900314,Ichizu,King Gnu,https://www.youtube.com/watch?v=7OeIBKFABG8
9900315,Prayer X,King Gnu,https://www.youtube.com/watch?v=BMHxiPiGcnU
9900316,Sakayume,King Gnu,https://www.youtube.com/watch?v=nqlHx9MdWx4
9900317,SPECIALZ,King Gnu,https://www.youtube.com/watch?v=iuTcc5Q6jSE
9900318,TWILIGHT!!!,King Gnu,https://www.youtube.com/watch?v=hc1rZI3WBjk
9900319,Ai no katamari,KinKi Kids,https://www.youtube.com/watch?v=xxQkSmKsewA
9900320,Best Friend,Kiroro,https://www.youtube.com/watch?v=RYvTmxHqq5U
9900321,Fuyu no Uta,Kiroro,https://www.youtube.com/watch?v=VCxpg9RWB1I
9900322,Ikite koso,Kiroro,https://www.youtube.com/watch?v=1pQi47J1100
9900323,Miraie,Kiroro,https://www.youtube.com/watch?v=GLzquUg0lpw
9900324,Nagaiaida,Kiroro,https://www.youtube.com/watch?v=fY42il3pBNQ
9900325,Goodbye Day,Kisugi Takao,https://www.youtube.com/watch?v=sx4LaGA7Bj0
9900326,We are!,Kitadani Hiroshi,https://www.youtube.com/watch?v=Fh0zeUlWt10
9900327,YOSAKU,Kitajima Saburo,https://www.youtube.com/watch?v=7VpzmTz0bfE
9900328,ALWAYS BE WITH YOU XD (Zuutto Issho!),Kitani Tatsuya,https://www.youtube.com/watch?v=IvnlU8zBoXw
9900329,Ao no Sumika,Kitanitatsuya,https://www.youtube.com/watch?v=xr1M9HnoZlE
9900330,Koi ni Ochite -Fall in love-,Kobayashi Akiko,https://www.youtube.com/watch?v=-fHqKYqIsBQ
9900331,Omoide Zake,Kobayashi Sachiko,https://www.youtube.com/watch?v=NLUxDlvu4qU
9900332,Tsubomi,Kobukuro,https://www.youtube.com/watch?v=L9E8GcPsIZk
9900333,Hai Yorokonde,Kocchi no Kento,https://www.youtube.com/watch?v=PV_oD0cxDTs
9900334,Ai no Uta,Koda Kumi,https://www.youtube.com/watch?v=IwKnfFETPtQ
9900335,Cutie Honey,Koda Kumi,https://www.youtube.com/watch?v=Z9P9wGE7Oq0
9900336,Kimi ga iru dake de,Kome Kome Club,https://www.youtube.com/watch?v=49byhLfLGnc
9900337,Roman Hikou,Kome Kome Club,https://www.youtube.com/watch?v=ambMYUEX5tI
9900338,Gingiragin ni Sarigenaku,Kondou Masahiko,https://www.youtube.com/watch?v=JkpdfL8i4Pc
9900339,Moto Kanojo no Minasama e (Dear ex girlfriends),Koresawa,https://www.youtube.com/watch?v=YiatsgiMdK8
9900340,Shinuna!,kottinokento,https://www.youtube.com/watch?v=hCUp9SiSA4o
9900341,Seto no Hanayome,Koyanagi Rumiko,https://www.youtube.com/watch?v=jmhhW8qJ-Ik
9900342,AIJYO,Koyanagi Yuki,https://www.youtube.com/watch?v=M_emrJJEm84
9900343,Anatano Kiss wo Kazoe masho (You were mine),Koyanagi Yuki,https://www.youtube.com/watch?v=U7nInjLRHLI
9900344,Ihoujin,Kubota Saki,https://www.youtube.com/watch?v=9JuProGafSU
9900345,La La La Suite Pretty Cure,Kudou Mayu,https://www.youtube.com/watch?v=ghZSz7osgXE
9900346,Secret of my heart,Kuraki Mai,https://www.youtube.com/watch?v=OYMUjXPwz60
9900347,Senbonzakura,Kurousa-P feat.Hatsune Miku,https://www.youtube.com/watch?v=5qEMOlqPMRo
9900348,Shiroi Koibitotachi,Kuwata Keisuke,https://www.youtube.com/watch?v=nA_ZE6V2JZE
9900349,flower,L'Arc-en-Ciel,https://www.youtube.com/watch?v=Y6scNEJOegc
9900350,winter fall,L'Arc～en～Ciel,https://www.youtube.com/watch?v=pE4GZc2SHiw
9900351,Hidamari no Uta,Le Couple,https://www.youtube.com/watch?v=JrmQbksZ_zs
9900352,Imasugu Kiss Me,LINDBERG,https://www.youtube.com/watch?v=cHmcmmvuMuQ
9900353,Guren no yumiya,Linked Horizon,https://www.youtube.com/watch?v=wd3y7zT4xGU
9900354,Jiyû no Tsubasa (Flugel der Freiheit),Linked Horizon,https://www.youtube.com/watch?v=Fv-BIrJvBUQ
9900355,Shinzou wo sasageyo!,Linked Horizon,https://www.youtube.com/watch?v=IFBowgiPvkY
9900356,Akeboshi,LiSA,https://www.youtube.com/watch?v=euIStcoPHFM
9900357,crossing field,LiSA,https://www.youtube.com/watch?v=zmU_5Xolats
9900358,Gurenge,LiSA,https://www.youtube.com/watch?v=6KcBXVWvJ7g
9900359,Homura,LiSA,https://www.youtube.com/watch?v=XC4p97T9uGE
9900360,Shine in the Cruel Night (Zankoku na Yoru ni Kagayake),LiSA,https://www.youtube.com/watch?v=4a6g_e_sZUU
9900361,unlasting,LiSA,https://www.youtube.com/watch?v=84IpQ6FruEo
9900362,ReawakeR,LiSA feat.Felix of Stray Kids,https://www.youtube.com/watch?v=BdtPM6HIheQ
9900363,distance,LONG SHOT PARTY,https://www.youtube.com/watch?v=t-BTzeU1eCM
9900364,It's Going Down Now,Lotus Juice / Takahashi Azumi,https://www.youtube.com/watch?v=MtJFvPtCFjg
9900365,Nanndemonaiyo,Macaroni Enpitsu,https://www.youtube.com/watch?v=iVKv-dSDZvE
9900366,Ojamajo Carnival!!,Maho-dou,https://www.youtube.com/watch?v=krX0Q6HeBjk
9900367,"Tokyo Shandy Rendezvous feat. Kaf, Tsumiki",MAISONdes,https://www.youtube.com/watch?v=5jrVc9IEdsw
9900368,Yowanehaki (feat.Wanuka & asmi),MAISONdes,https://www.youtube.com/watch?v=FS8YBkrA6j8
9900369,Pegasus fantasy (Knights of the Zodiac),MAKE-UP,https://www.youtube.com/watch?v=9o2cQVGJ_Jc
9900370,Donnatokimo,Makihara Noriyuki,https://www.youtube.com/watch?v=WzdtZVL3di4
9900371,Mou koinante shinai,Makihara Noriyuki,https://www.youtube.com/watch?v=j8gh7pAo5Qg
9900372,Kizuna no kiseki,MAN WITH A MISSION & milet,https://www.youtube.com/watch?v=q2c5zwZH3to
9900373,Kirameku toki ni torawarete,MANISH,https://www.youtube.com/watch?v=zqk8zUDk11U
9900374,Yumewo kanaete Doraemon,mao,https://www.youtube.com/watch?v=ZPOthfShQJs
9900375,"Aoi, Koi, Daidai-Iro No Hi",Mass of Fermenting Dregs,https://www.youtube.com/watch?v=V7zJeiq_62k
9900376,Mayonaka no door (Stay With Me),Matsubara Miki,https://www.youtube.com/watch?v=cGBhUFonZqc
9900377,Akai Sweet pea (Red Sweet pea),Matsuda Seiko,https://www.youtube.com/watch?v=R-HLYuxcH5A
9900378,Anata ni aitakute (Missing You),Matsuda Seiko,https://www.youtube.com/watch?v=gKttJG9R99A
9900379,Aoi Sangoshou (Blue Lagoon),Matsuda Seiko,https://www.youtube.com/watch?v=BxZmIy02uos
9900380,Cherry Blossom,Matsuda Seiko,https://www.youtube.com/watch?v=UQ0MXqBhCx4
9900381,Hitomi wa Diamond (Diamond Eyes),Matsuda Seiko,https://www.youtube.com/watch?v=w4PEKD20yzM
9900382,Kaze Tachinu,Matsuda Seiko,https://www.youtube.com/watch?v=Ji6uhWl2jF4
9900383,Nagisa no balcony,Matsuda Seiko,https://www.youtube.com/watch?v=_drHfBUoLEs
9900384,Natsu no Tobira,Matsuda Seiko,https://www.youtube.com/watch?v=yWz8AKkuGQc
9900385,Rock'n Rouge,Matsuda Seiko,https://www.youtube.com/watch?v=alVW1jtl7KM
9900386,Ruri iro no Chikyuu,Matsuda Seiko,https://www.youtube.com/watch?v=aAf8df8fzBk
9900387,SWEET MEMORIES,Matsuda Seiko,https://www.youtube.com/watch?v=hk7tyk7NSv0
9900388,Matsuken Samba II,Matsudaira Ken,https://www.youtube.com/watch?v=RvDftpyfI3Q
9900389,Mezase Pokemon Master,Matsumoto Rika,https://www.youtube.com/watch?v=F4Q14B6lKWM
9900390,Haruyo Koi,Matsutouya Yumi,https://www.youtube.com/watch?v=xEHUoyJijuU
9900391,DESTINY,Matsutoya Yumi,https://www.youtube.com/watch?v=0NO9dNH2PT0
9900392,Koibito ga Santa Claus (My Baby Santa Claus),Matsutoya Yumi,https://www.youtube.com/watch?v=1JgfXCDqPeA
9900393,Mamotte Agetai (You Don't Have To Worry),Matsutoya Yumi,https://www.youtube.com/watch?v=wZucPSkMTjE
9900394,Manatsu no Yo no Yume,Matsutoya Yumi,https://www.youtube.com/watch?v=1yqAJrQqcBE
9900395,Oozora to Daichi no Nakade,Matsuyama Chiharu,https://www.youtube.com/watch?v=Fx2cGv8tiio
9900396,Hohoemino bakudan,Mawatari Matsuko,https://www.youtube.com/watch?v=QG4iB2TbPzw
9900397,Lion,May'n/Nakajima Megumi,https://www.youtube.com/watch?v=-aIUGnylw7M
9900398,Click,ME:I (미아이),https://www.youtube.com/watch?v=GYDAeEnsG9U
9900399,Mononokehime,Mera Yoshikazu,https://www.youtube.com/watch?v=pFJAHbuShS4
9900400,Shoujo Rei,MikitoP feat. Hatsune Miku,https://www.youtube.com/watch?v=niU-p34WVsI
9900401,Anytime Anywhere,milet,https://www.youtube.com/watch?v=R6l9dKivTpY
9900402,Ima wa iinda yo. (It's Alright Now),MIMI feat.Kafu,https://www.youtube.com/watch?v=RDX9dGmleeI
9900403,Slow na Bugi ni Shitekure,Minami Yoshitaka,https://www.youtube.com/watch?v=0yj43L4P4J4
9900404,Shikinouta (Samurai Champloo),MINMI,https://www.youtube.com/watch?v=53qOvGD-zA8
9900405,The Perfect Vision,MINMI,https://www.youtube.com/watch?v=VbNvpN3NoFc
9900406,Aino katachi feat.HIDE(GReeeeN),MISIA,https://www.youtube.com/watch?v=z7s_gCgqeGE
9900407,Aitakute ima,MISIA,https://www.youtube.com/watch?v=IjnTjP42m7A
9900408,Everything,Misia,https://www.youtube.com/watch?v=UJYEiRnL4s8
9900409,Tsutsumikomu youni…,Misia,https://www.youtube.com/watch?v=GQpMb1q_Ugo
9900410,Ai San San,Misora Hibari,https://www.youtube.com/watch?v=yrJLVMt2sUA
9900411,Kawano Nagareno youni,Misora Hibari,https://www.youtube.com/watch?v=U8j_4jOtfEU
9900412,chAngE,miwa,https://www.youtube.com/watch?v=JczAghz4GB0
9900413,Osaka Shigure,Miyako Harumi,https://www.youtube.com/watch?v=Z_TktyviqGg
9900414,Mazinger Z,Mizuki Ichiro,https://www.youtube.com/watch?v=7sXXljq6SrQ
9900415,Ore Wa Great Mazinger,Mizuki Ichiro,https://www.youtube.com/watch?v=lAhKlwZ_okk
9900416,Theme of Combattler V,Mizuki Ichirou,https://www.youtube.com/watch?v=MgDpWUFXQ9w
9900417,ETERNAL BLAZE,Mizuki Nana,https://www.youtube.com/watch?v=XHA1Q6VD_xk
9900418,Ikuze! Kaitou Shoujo,Momoiro Clover Z,https://www.youtube.com/watch?v=7pDPR-5hag8
9900419,Chiisana koino uta,MONGOL800,https://www.youtube.com/watch?v=4Ps4VA65pkw
9900420,Dancing All Night,Monta & Brothers,https://www.youtube.com/watch?v=3z-GlJO8jiY
9900421,ETERNAL WIND (Hohoenmiwa hikaru kazeno naka),Moriguchi Hiroko,https://www.youtube.com/watch?v=ibh7ffEvQJk
9900422,SAKURA,Moriyama Naotaro,https://www.youtube.com/watch?v=E7rBj-M5isM
9900423,Love Machine,Morning Musume,https://www.youtube.com/watch?v=ze7vuS8uYoU
9900424,HANABI,Mr.Children,https://www.youtube.com/watch?v=RDt8UBG06_4
9900425,Seesaw Game ~A brave song of love~,Mr.Children,https://www.youtube.com/watch?v=8lTIqGbJgP4
9900426,Tomorrow never knows,Mr.Children,https://www.youtube.com/watch?v=5aNAqXXniow
9900427,Blue Ambience (feat.asmi),Mrs. GREEN APPLE,https://www.youtube.com/watch?v=aNTjYArFd7Y
9900428,Boku no Koto,Mrs. GREEN APPLE,https://www.youtube.com/watch?v=Y1kzQ7y_cvg
9900429,breakfast,Mrs. GREEN APPLE,https://www.youtube.com/watch?v=HQyRncTXBbQ
9900430,Daarin,Mrs. GREEN APPLE,https://www.youtube.com/watch?v=xeabIQmXyRI
9900431,Dance hall,Mrs. GREEN APPLE,https://www.youtube.com/watch?v=0Dp7ipw9V2E
9900432,familie,Mrs. GREEN APPLE,https://www.youtube.com/watch?v=uxr9ChkMERc
9900433,GOOD DAY,Mrs. GREEN APPLE,https://www.youtube.com/watch?v=vdVcCneWAn0
9900434,I'm Invincible (Watashi wa Saikyou),Mrs. GREEN APPLE,https://www.youtube.com/watch?v=HB8J1MuhDdo
9900435,Inferno,Mrs. GREEN APPLE,https://www.youtube.com/watch?v=9jU44TxZPmI
9900436,Kusushiki,Mrs. GREEN APPLE,https://www.youtube.com/watch?v=H3z5wCiHBas
9900437,Lilac,Mrs. GREEN APPLE,https://www.youtube.com/watch?v=CNp3czz9Gyc
9900438,lovin',Mrs. GREEN APPLE,https://www.youtube.com/watch?v=UbiifIZQJY4
9900439,Magic,Mrs. GREEN APPLE,https://www.youtube.com/watch?v=ugz3EXow9HY
9900440,Nachtmusik,Mrs. GREEN APPLE,https://www.youtube.com/watch?v=wepl1YoRmNc
9900441,Natsu no Kage,Mrs. GREEN APPLE,https://www.youtube.com/watch?v=gFgSUFX5K3E
9900442,New My Normal,Mrs. GREEN APPLE,https://www.youtube.com/watch?v=6En4BzPwRSM
9900443,Que Sera Sera,Mrs. GREEN APPLE,https://www.youtube.com/watch?v=gHpPfJbqIuI
9900444,Soranji,Mrs. GREEN APPLE,https://www.youtube.com/watch?v=7pQONFpH0Ig
9900445,StaRt,Mrs. GREEN APPLE,https://www.youtube.com/watch?v=MEx5NTwYYcU
9900446,Tenbyouno uta (feat.Inoue Sonoko),Mrs. GREEN APPLE,https://www.youtube.com/watch?v=YwIfW4RyAMQ
9900447,Tengoku (Heaven),Mrs. GREEN APPLE,https://www.youtube.com/watch?v=NpkgKGHp0qo
9900448,Hatsukoi,Murashita Kozo,https://www.youtube.com/watch?v=U7d3c_zhSYI
9900449,I'm a mess,MY FIRST STORY,https://www.youtube.com/watch?v=5vkFEhoux2A
9900450,Mugen,MY FIRST STORY × HYDE,https://www.youtube.com/watch?v=miYQ-xw3N68
9900451,Umiyuri Kaiteitan,n-buna feat. Hatsune Miku,https://www.youtube.com/watch?v=qYH55aX9I48
9900452,Kanpai (New Recording Version),Nagabuchi Tsuyoshi,https://www.youtube.com/watch?v=lbC6MWXKcn4
9900453,Tonbo,Nagabuchi Tsuyoshi,https://www.youtube.com/watch?v=-sWBI7v_hvQ
9900454,Propose,Naisho no Pierced Earrings,https://www.youtube.com/watch?v=jVYYvRX66yk
9900455,Sorairo Days,Nakagawa Shoko,https://www.youtube.com/watch?v=QRAQDHfkSS8
9900456,Ashita,Nakajima Miyuki,https://www.youtube.com/watch?v=YnN6DAa9uhU
9900457,Chijou no Hoshi,Nakajima Miyuki,https://www.youtube.com/watch?v=ApIMioGX9lk
9900458,Fight!,Nakajima Miyuki,https://www.youtube.com/watch?v=qz4YBeDHDsU
9900459,Ginno Ryuuno seni notte,Nakajima Miyuki,https://www.youtube.com/watch?v=nAuqwV5NJrM
9900460,Head Light Tail Light,Nakajima Miyuki,https://www.youtube.com/watch?v=PaLq_WxkWq4
9900461,ito,Nakajima Miyuki,https://www.youtube.com/watch?v=nm9lPvUN4co
9900462,Jidai,Nakajima Miyuki,https://www.youtube.com/watch?v=Ckg0Q3QlsLo
9900463,Sora to Kimi no Aida ni,Nakajima Miyuki,https://www.youtube.com/watch?v=fKbmmuM_EPs
9900464,DESIRE,Nakamori Akina,https://www.youtube.com/watch?v=YOpu7HaIoUQ
9900465,Second Love,Nakamori Akina,https://www.youtube.com/watch?v=ojPKLY3vGFw
9900466,Shoujo A,Nakamori Akina,https://www.youtube.com/watch?v=kJ_EgBTBMRY
9900467,Slow Motion,Nakamori Akina,https://www.youtube.com/watch?v=-LMfVszOd4Y
9900468,TATTOO,Nakamori Akina,https://www.youtube.com/watch?v=xtUfKo_WNm8
9900469,Saigono ame,Nakanishi Yasushi,https://www.youtube.com/watch?v=Vh1IggmhDVg
9900470,Sakurairo maukoro,Nakashima Mika,https://www.youtube.com/watch?v=3pNL6cEZb44
9900471,Yukino hana (Snow Flower),Nakashima Mika,https://www.youtube.com/watch?v=HkaLLUA_PSA
9900472,Tsuiteru ne Notteru ne,Nakayama Miho,https://www.youtube.com/watch?v=VYqYB3kqC5M
9900473,Sekaiju no dareyori kitto,Nakayama Miho & WANDS,https://www.youtube.com/watch?v=YhT-QLoi5BE
9900474,Ima Sugu Rinne (Retry Now),NAKISO feat. Hatsune Miku,https://www.youtube.com/watch?v=1zP4MccjtyI
9900475,Batsubyou,Nanahoshi Orchestra Feat. Megurine Luka,https://www.youtube.com/watch?v=DiOzrgNUxrI
9900476,Kawaii Anokoga Kiniiranai,Narumiya,https://www.youtube.com/watch?v=5Xe9dajABY8
9900477,Lead Control,Narumiya,https://www.youtube.com/watch?v=lPe8CR2lCXw
9900478,Absolute Zero (Zettai Reido),Natori,https://www.youtube.com/watch?v=41jY725Rwqk
9900479,Overdose,Natori,https://www.youtube.com/watch?v=pKn98soRk3s
9900480,PROPOSE,Natori,https://www.youtube.com/watch?v=J8CMRzpGc0E
9900481,Nada sou sou,Natsukawa Rimi,https://www.youtube.com/watch?v=xDcKM5_TDVQ
9900482,Orihime & BABY feat. Ushio Reira,neguse.,https://www.youtube.com/watch?v=_VvbuP5PNWg
9900483,Chankapana,NEWS,https://www.youtube.com/watch?v=8YvvPRVcEhw
9900484,Diver,NICO Touches the Walls,https://www.youtube.com/watch?v=0I-I0ciddnU
9900485,Hologram,NICO Touches the Walls,https://www.youtube.com/watch?v=ucfr1EViv9A
9900486,Niwaka Ame nimo Makezu,NICO Touches the Walls,https://www.youtube.com/watch?v=UmJ9V6Sajh8
9900487,FREEDOM,Nishikawa Takanori with t.komuro,https://www.youtube.com/watch?v=QPcKoC-k4q8
9900488,if,Nishino Kana,https://www.youtube.com/watch?v=5oRInNKUCUg
9900489,Torisetsu,Nishino Kana,https://www.youtube.com/watch?v=CO4SC3wTuqI
9900490,BAD LOVE,No No Girls,https://www.youtube.com/watch?v=dwCkO9wgqNU
9900491,Tiger,No No Girls (HANA),https://www.youtube.com/watch?v=iUGRAgrCQco
9900492,Hatsukoi Killer,Noa,https://www.youtube.com/watch?v=-uVXheUJJ9A
9900493,Hero's Come Back!!,nobodyknows+,https://www.youtube.com/watch?v=DZs1kPpYf2A
9900494,Sayonara no Imi,Nogizaka46,https://www.youtube.com/watch?v=3VWnObVx9pM
9900495,Synchronicity,Nogizaka46,https://www.youtube.com/watch?v=UuvvQUiLhh8
9900496,Ora wa Ninki Mono,Nohara Shinnosuke,https://www.youtube.com/watch?v=VBx60STKknw
9900497,GOAT,Number_i,https://www.youtube.com/watch?v=2-41EMZz2nI
9900498,Yuki 100% (Courage 100%),NYC,https://www.youtube.com/watch?v=Hqf-ojOZjbk
9900499,Love Story wa Totsuzen ni,Oda Kazumasa,https://www.youtube.com/watch?v=b90uCMysuOA
9900500,Kotoba ni Dekinai,Off Course,https://www.youtube.com/watch?v=0AwYeow1I0M
9900501,SAYONARA,Off Course,https://www.youtube.com/watch?v=KWO9jAoQTtA
9900502,Cry Baby,Official HIGE DANdism,https://www.youtube.com/watch?v=2qgsjpJwphc
9900503,I LOVE…,Official Hige Dandism,https://www.youtube.com/watch?v=A8H7tWLWQ4Q
9900504,Mixed nuts,Official Hige Dandism,https://www.youtube.com/watch?v=lu49obNF-38
9900505,No doubt,Official Hige Dandism,https://www.youtube.com/watch?v=U0OL7Y08j58
9900506,Pretender,Official HIGE DANdism,https://www.youtube.com/watch?v=U1N7GU2AjVc
9900507,Same Blue,Official HIGE DANdism,https://www.youtube.com/watch?v=QZz8cIF-1_E
9900508,Shukumei,Official Hige Dandism,https://www.youtube.com/watch?v=yadColNmIdE
9900509,SOULSOUP,Official Hige Dandism,https://www.youtube.com/watch?v=goEsmKAkOAQ
9900510,Subtitle,Official Hige Dandism,https://www.youtube.com/watch?v=Ymti_mrCocM
9900511,TATTOO,Official Hige Dandism,https://www.youtube.com/watch?v=6ZyJc_PpjdU
9900512,White Noise,Official Hige Dandism,https://www.youtube.com/watch?v=tzhkQChgoVs
9900513,Silhouette Romance,Ohashi Junko,https://www.youtube.com/watch?v=4Slig5B7Nu8
9900514,Anatadake mitsumeteru,Ohguro Maki,https://www.youtube.com/watch?v=ui_682BnR_E
9900515,LA.LA.LA,Ohguro Maki,https://www.youtube.com/watch?v=5oxiovRCChQ
9900516,Sazanka no Yado (Camellia Inn.),Ohkawa Eisaku,https://www.youtube.com/watch?v=G01OXl5jiDI
9900517,Soshite boku wa tohô ni kureru,Ohsawa Yoshiyuki,https://www.youtube.com/watch?v=nlT7DxIFSLw
9900518,TOMORROW,Okamoto Mayo,https://www.youtube.com/watch?v=Vb8USjXWeT0
9900519,Yume wo Akiramenaide,Okamura Takako,https://www.youtube.com/watch?v=rm-gzrJ54QY
9900520,Kawaranaimono,Oku Hanako,https://www.youtube.com/watch?v=8aUTFJiLTVo
9900521,Iku Oku Konen (Billions of light years),omoinotake,https://www.youtube.com/watch?v=U7XQsIH0rdY
9900522,The Beginning,ONE OK ROCK,https://www.youtube.com/watch?v=Eg_ad_Cd1IA
9900523,Wherever you are,ONE OK ROCK,https://www.youtube.com/watch?v=kWNaOoYCWZA
9900524,Sailor Fuku wo Nugasanaide,Onyanko Club,https://www.youtube.com/watch?v=cmCYqdtrSVs
9900525,Planetarium,Ootsuka Ai,https://www.youtube.com/watch?v=xL7TFFtL4Is
9900526,Ikenai Taiyou,ORANGE RANGE,https://www.youtube.com/watch?v=-UY6-Meo_i8
9900527,Mawaru Sora Usagi,Orangestar feat.Hatsune Miku,https://www.youtube.com/watch?v=cJqUuQCMqB4
9900528,Asu no Yozora Shoukaihan,Orangestar feat.IA,https://www.youtube.com/watch?v=zK87EJ7yMe4
9900529,Momenno Handkerchief,Ota Hiromi,https://www.youtube.com/watch?v=eDThMXIoIlc
9900530,Kimi wa Tennenshoku,Otaki Eiichi,https://www.youtube.com/watch?v=RDMDMzFcwd4
9900531,Sakuranbo,Otsuka Ai,https://www.youtube.com/watch?v=IhvkIhhG5_Y
9900532,memories,Otsuki Maki,https://www.youtube.com/watch?v=FaLkrir3kSg
9900533,RUN! RUN! RUN!,Otsuki Maki,https://www.youtube.com/watch?v=qcjiVn9TeTg
9900534,Ame no Midosuji (Stranger in Midosuji),Ouyang Feifei,https://www.youtube.com/watch?v=lEDMCYHrTAk
9900535,LOVE IS OVER,Ouyang Feifei,https://www.youtube.com/watch?v=aGN7ybfBydY
9900536,Mata Au Hi Made,Ozaki Kiyohiko,https://www.youtube.com/watch?v=WGBF_KGahkI
9900537,15 no yoru (The night of 15),Ozaki Yutaka,https://www.youtube.com/watch?v=mAldW7ymBvg
9900538,I LOVE YOU,Ozaki Yutaka,https://www.youtube.com/watch?v=ssArZBA8IPo
9900539,DOGLAND,PEOPLE 1,https://www.youtube.com/watch?v=gz-Reh6Mkm0
9900540,Nagisa no Sinbad,Pink Lady,https://www.youtube.com/watch?v=m31lzL17-Cs
9900541,Southpaw,Pink Lady,https://www.youtube.com/watch?v=jRLn0NJYgvM
9900542,UFO,Pink Lady,https://www.youtube.com/watch?v=isE3vGFUnkM
9900543,God-ish,Pinocchio P,https://www.youtube.com/watch?v=wB6S1oiQiXg
9900544,"Tokumei M (Anonymous M) feat.Hatsune Miku, ARuFa",Pinocchio P,https://www.youtube.com/watch?v=eOq1fRSZpd0
9900545,Tensei ringo (Reincarnation Apple),Pinocchio P feat.Hatsune Miku,https://www.youtube.com/watch?v=qPU2r_gRYAU
9900546,Swallowtail Butterfly (Ageha chō),Ponno Graffiti,https://www.youtube.com/watch?v=leDb3Y7xCxU
9900547,Melissa,Porno Graffitti,https://www.youtube.com/watch?v=li_KNJlzRKg
9900548,Saudade,Porno Graffitti,https://www.youtube.com/watch?v=VAZSc_YD_Hw
9900549,THE DAY,Porno Graffitti,https://www.youtube.com/watch?v=l5BSa9mcVgw
9900550,DIAMONDS,PRINCESS PRINCESS,https://www.youtube.com/watch?v=SVg2N1KFqH4
9900551,M,PRINCESS PRINCESS,https://www.youtube.com/watch?v=E2x2gGLdO5Q
9900552,Sekai de Ichiban Atsui Natsu,PRINCESS PRINCESS,https://www.youtube.com/watch?v=kmWtWuSJekc
9900553,Asia No Junshin (True Asia),PUFFY,https://www.youtube.com/watch?v=XMXG18Vd-6c
9900554,Kore ga Watashi no Ikiru Michi,PUFFY,https://www.youtube.com/watch?v=610SUG7L5XI
9900555,Mephisto,Queen Bee,https://www.youtube.com/watch?v=dE1xXBOBa5w
9900556,Aini dekirukotowa mada arukai,RADWIMPS,https://www.youtube.com/watch?v=GkRWBvt-vxo
9900557,Nandemonaiya (movie ver.),RADWIMPS,https://www.youtube.com/watch?v=KdXVysmLs_U
9900558,Sparkle [original ver.],RADWIMPS,https://www.youtube.com/watch?v=WHnwVZeVtbk
9900559,Suzume feat.Toaka,RADWIMPS,https://www.youtube.com/watch?v=YnIsQNeVim0
9900560,Zenzenzense (movie ver.),RADWIMPS,https://www.youtube.com/watch?v=g-znvmulNdM
9900561,Friends,Rebecca,https://www.youtube.com/watch?v=nWLAsNCjx1E
9900562,Konayuki,Remioromen,https://www.youtube.com/watch?v=1bhfaPwvpJo
9900563,Sangatsu Kokonoka,Remioromen,https://www.youtube.com/watch?v=IHHVrvyNPBY
9900564,ANIMA,ReoNa,https://www.youtube.com/watch?v=Uuf-dtK-Ke8
9900565,Maemuki Rokettodan!,Rokettodan,https://www.youtube.com/watch?v=czfwVJWCVzk
9900566,Ai ga tomoru(The Flame of Love),Rokudenashi,https://www.youtube.com/watch?v=SUqcN-i8oUI
9900567,Tada koe hitotsu,rokudenashi,https://www.youtube.com/watch?v=P4lt4f_7iv0
9900568,Hana ni natte (Be a flower),Ryokuoushoku Shakai,https://www.youtube.com/watch?v=mRLzlg74K7E
9900569,Shout Baby,Ryokuoushoku Shakai,https://www.youtube.com/watch?v=q_8HczPgMtw
9900570,Harmonia,RYTHEM,https://www.youtube.com/watch?v=bEiCUjyGsuA
9900571,Gal and Do,Saijo Hideki,https://www.youtube.com/watch?v=kcIXJkiRN8w
9900572,Aoi usagi,Sakai Noriko,https://www.youtube.com/watch?v=7ZoDY0sO1YA
9900573,Kagamino dress,Sakai Noriko,https://www.youtube.com/watch?v=_ICjMaPslT8
9900574,Mata Kimi ni Koi Shiteru,Sakamoto Fuyumi,https://www.youtube.com/watch?v=hb8UrwGmtpk
9900575,Yozakura Oshichi,Sakamoto Fuyumi,https://www.youtube.com/watch?v=Li6NYBlNyUY
9900576,Miagete goran yoru no Hoshi wo,Sakamoto Kyu,https://www.youtube.com/watch?v=U2jXxvLj6hg
9900577,kaiju,Sakanaction,https://www.youtube.com/watch?v=vUct_72NXnw
9900578,AKARI,Sakiyama Soushi,https://www.youtube.com/watch?v=pWLNuGFb0vw
9900579,Seishun kyousou kyoku,Sambomaster,https://www.youtube.com/watch?v=NM4Qd_-S5fQ
9900580,Tobe! Grendizer -GOLDORAK-,Sasaki Isao,https://www.youtube.com/watch?v=vblD705Yrwc
9900581,Tondemo Wonders (feat.Hatsune miku),sasakure.UK,https://www.youtube.com/watch?v=cVHqp9YxIJU
9900582,melt bitter,Sato Moka,https://www.youtube.com/watch?v=iYPSRQ2JIPQ
9900583,Mesmerizer,Satsuki feat.Hatsune Miku ＆ Kasane Teto,https://www.youtube.com/watch?v=W0MAzOje5to
9900584,Cinderella Boy,Saucy Dog,https://www.youtube.com/watch?v=Bzj9VSE_eVE
9900585,Itsuka,Saucy Dog,https://www.youtube.com/watch?v=8im6ZRY0DC4
9900586,Shion,Saucy Dog,https://www.youtube.com/watch?v=d39V_NbFB_I
9900587,Aitai,Sawada Chikako,https://www.youtube.com/watch?v=fM8kOUDgykw
9900588,Katte ni Shiyagare (Do as you like),Sawada Kenji,https://www.youtube.com/watch?v=QCtXFbGWS7M
9900589,Hanano Tou (Flower Tower),Sayuri,https://www.youtube.com/watch?v=orNsE_vBruQ
9900590,RPG,SEKAI NO OWARI,https://www.youtube.com/watch?v=69oubpaYkUY
9900591,Saikou toutatsu-ten (The Peak),SEKAI NO OWARI,https://www.youtube.com/watch?v=yNgoPyZ-yhw
9900592,Sazanka,SEKAI NO OWARI,https://www.youtube.com/watch?v=22DZTxfIEQ0
9900593,Kitaguni no Haru (Spring in the north),Sen Masao,https://www.youtube.com/watch?v=VEIudu-KOIg
9900594,Renai circulation,Sengoku Nadeko (Hanazawa Kana),https://www.youtube.com/watch?v=aVZZnbktopw
9900595,"Us, again (Bokura Mata)",SG,https://www.youtube.com/watch?v=tH4GKcGqaXE
9900596,Marunouchi Sadistic,Sheena Ringo,https://www.youtube.com/watch?v=3WXNg9bkRzI
9900597,Shukusei!! Rorikami Requiem☆,Shigure Ui,https://www.youtube.com/watch?v=4lrjk1sPPi0
9900598,Kamado Tanjirou no uta,Shiina Gou featuring Nakagawa Nami,https://www.youtube.com/watch?v=6XQYIYZ9o6c
9900599,Shoujo A (Young Girl A),Shiina mota feat.Kagamine Rin,https://www.youtube.com/watch?v=Pt9DRWCKKKc
9900600,Shikairo Days,Shika Bu,https://www.youtube.com/watch?v=qdusqvIc9RU
9900601,PUZZLE,Shimizu Shota,https://www.youtube.com/watch?v=QIa8EHI5TkY
9900602,HARAHARA,Shinako,https://www.youtube.com/watch?v=HVBNIG56ks0
9900603,Shinako World,Shinako,https://www.youtube.com/watch?v=gIz5Bwv6Noc
9900604,Rendez-Vous,shytaupe,https://www.youtube.com/watch?v=KYZl88L8Hz0
9900605,1/3 of My Innocent Feelings,SIAM SHADE,https://www.youtube.com/watch?v=WvXx1aktQ-g
9900606,Uso,Sido,https://www.youtube.com/watch?v=Us4_b_zvo4c
9900607,The Rumbling,SiM,https://www.youtube.com/watch?v=_pLUcJEGWu8
9900608,YUME Biyori,Simatani Hitomi,https://www.youtube.com/watch?v=NXUeIfUn8nY
9900609,Maenomeri,SKE48,https://www.youtube.com/watch?v=UEu_7fXpJOg
9900610,Yozorano mukou,SMAP,https://www.youtube.com/watch?v=_FUHhxbuiX4
9900611,Itoshino Ellie (Ellie my love),Southern All Stars,https://www.youtube.com/watch?v=ujxEMJ6VrKw
9900612,Katte ni Sinbad,Southern All Stars,https://www.youtube.com/watch?v=F_6EF_6GJqo
9900613,Kibou no Wadachi,Southern All Stars,https://www.youtube.com/watch?v=pBjnRHs5BZo
9900614,LOVE AFFAIR (Himitsu no Date),Southern All Stars,https://www.youtube.com/watch?v=hPWhYhJDZ8s
9900615,Manatsu no kajitsu,Southern All Stars,https://www.youtube.com/watch?v=m8Kvm4kSNsE
9900616,Minna No Uta,Southern All Stars,https://www.youtube.com/watch?v=PM7Rul0kvt4
9900617,MISS BRAND-NEW DAY,Southern All Stars,https://www.youtube.com/watch?v=U-WeyvaTmBE
9900618,Namida no kiss,Southern All Stars,https://www.youtube.com/watch?v=sJwHLbYt_QY
9900619,NIJIIRO THE NIGHT CLUB,Southern All Stars,https://www.youtube.com/watch?v=xEB9U7FLx7U
9900620,TSUNAMI,Southern All Stars,https://www.youtube.com/watch?v=20qeKQcRfxc
9900621,White Love,SPEED,https://www.youtube.com/watch?v=bEuh13b0koQ
9900622,Cherry,Spitz,https://www.youtube.com/watch?v=Z4r-d2lMGcc
9900623,Kaede,Spitz,https://www.youtube.com/watch?v=yvJ9SmQ0dJ8
9900624,Robinson,Spitz,https://www.youtube.com/watch?v=m8cAjBwlDRw
9900625,Soramo Toberuhazu,Spitz,https://www.youtube.com/watch?v=udSGGNlNSMY
9900626,Utsukushii hire (Beautiful Fin),Spitz,https://www.youtube.com/watch?v=olk5PsqPlvM
9900627,imagination,SPYAIR,https://www.youtube.com/watch?v=l9M0APuSn0g
9900628,Orange,SPYAIR,https://www.youtube.com/watch?v=1JIJV8ENSFU
9900629,Samurai Heart (Some Like It Hot!!),SPYAIR,https://www.youtube.com/watch?v=mtIvisjwNrw
9900630,No boy No cry,STANCE PUNKS,https://www.youtube.com/watch?v=Q0HJb1zWxmA
9900631,Niji,Suda Masaki,https://www.youtube.com/watch?v=w6X6YOpKJak
9900632,Sayonara Elegy,Suda Masaki,https://www.youtube.com/watch?v=58H2RIBUv5o
9900633,Futari no Natsu Monogatari,Sugiyama Kiyotaka & Omega Tribe,https://www.youtube.com/watch?v=78vr15ygpZw
9900634,GOLDEN TIME RUBBER,SUKIMASWITCH,https://www.youtube.com/watch?v=IlJp_Gz4c2A
9900635,KANADE,SUKIMASWITCH,https://www.youtube.com/watch?v=tKXAs1y03tU
9900636,Kimino shiranai monogatari,supercell,https://www.youtube.com/watch?v=QOAmWmaMVto
9900637,The World Is Mine,supercell,https://www.youtube.com/watch?v=MvCKza4WqnE
9900638,Ai wo Komete Hanataba wo,Superfly,https://www.youtube.com/watch?v=fAuPc0EaONM
9900639,Bara wa Utsukusiku Chiru,Suzuki Hiroko,https://www.youtube.com/watch?v=2rm4Iep_aps
9900640,Realize,Suzuki Konomi,https://www.youtube.com/watch?v=UptwjrKE8Eg
9900641,This game,Suzuki Konomi,https://www.youtube.com/watch?v=inDC7EAjmy8
9900642,DADDY! DADDY! DO! feat. Suzuki Airi,Suzuki Masayuki,https://www.youtube.com/watch?v=FjUNptm0p9s
9900643,GIRI GIRI (feat.Suu),Suzuki Masayuki,https://www.youtube.com/watch?v=4QQxeHB5Vtw
9900644,Love dramatic feat. Ihara Rikka,Suzuki Masayuki,https://www.youtube.com/watch?v=-ilzKmOjdrk
9900645,Hare Hare Yukai,"Suzumiya haruhi,Nagato Yuki,Asahina Mikuru",https://www.youtube.com/watch?v=-D1qTjWaq9U
9900646,Bitter Choco Decoration,syudou,https://www.youtube.com/watch?v=uUA20CyprQc
9900647,Hanashitaku wa Nai,T-BOLAN,https://www.youtube.com/watch?v=sMbyN-OuG0I
9900648,Dakishimete TONIGHT,Tahara Toshihiko,https://www.youtube.com/watch?v=mNIfD1ES4ig
9900649,MAKAFUSHIGI Adventure!,Takahashi Hiroki,https://www.youtube.com/watch?v=CpUDMhgJG_s
9900650,for you...,Takahashi Mariko,https://www.youtube.com/watch?v=1A18gdvJlxI
9900651,Tamashiino rufuran (Soul's Refrain),Takahashi Yoko,https://www.youtube.com/watch?v=B8GHH28_t-c
9900652,Zankokuna tenshi no Thesis (A Cruel Angel's Thesis),Takahashi Yoko,https://www.youtube.com/watch?v=HDCy3l25OaY
9900653,Eki,Takeuchi Mariya,https://www.youtube.com/watch?v=7FRtAY6zYfU
9900654,Genki wo dashite,Takeuchi Mariya,https://www.youtube.com/watch?v=L3c3BwmjJ3E
9900655,Junai Rhapsody,Takeuchi Mariya,https://www.youtube.com/watch?v=mEHsCSQiYLU
9900656,Plastic Love,Takeuchi Mariya,https://www.youtube.com/watch?v=-7zKzSX5pyQ
9900657,September,Takeuchi Mariya,https://www.youtube.com/watch?v=Eb5BVMbnZW4
9900658,Single Again,Takeuchi Mariya,https://www.youtube.com/watch?v=5EL5-Wkf260
9900659,Sutekina holiday (Happy Holidays),Takeuchi Mariya,https://www.youtube.com/watch?v=HbK4jmMJeag
9900660,Melody,Tamaki Kouji,https://www.youtube.com/watch?v=7hEOKUoY6M4
9900661,Okaeri,Tani Yuuki,https://www.youtube.com/watch?v=o26hDpOSDBo
9900662,W/X/Y,Tani Yuuki,https://www.youtube.com/watch?v=6Pk8vaUKirY
9900663,Subaru,Tanimura Shinji,https://www.youtube.com/watch?v=GBTEfU_H8PQ
9900664,Ruby no Yubiwa (Ruby Ring),Terao Akira,https://www.youtube.com/watch?v=52GSmj_kmxg
9900665,Aijin,Teresa Teng,https://www.youtube.com/watch?v=VHEn_VJVKaY
9900666,kuukou (Airport),Teresa Teng,https://www.youtube.com/watch?v=RmmIKOBGUVY
9900667,Tokino Nagareni miwomakase,Teresa Teng,https://www.youtube.com/watch?v=ZNjJI7qCXQQ
9900668,Tsugunai,Teresa Teng,https://www.youtube.com/watch?v=cmSmR6e0-fw
9900669,Wakare no Yokan,Teresa Teng,https://www.youtube.com/watch?v=UkMvMaPbi6o
9900670,Yoru no ferry boat,Teresa Teng,https://www.youtube.com/watch?v=BNM03WousQg
9900671,Asueno tegami,Teshima Aoi,https://www.youtube.com/watch?v=29EnKi_AFv8
9900672,Sayonara No Natsu,Teshima Aoi,https://www.youtube.com/watch?v=HBFSwHxNY9c
9900673,Therru's Song,Teshima Aoi,https://www.youtube.com/watch?v=bSw1J8S8wA8
9900674,Linda Linda,The Blue Hearts,https://www.youtube.com/watch?v=SnYBbv83FUo
9900675,Shimauta,THE BOOM,https://www.youtube.com/watch?v=0gFwuRVlIzA
9900676,Gizagiza heart no komori-uta,The Checkers,https://www.youtube.com/watch?v=t0SV82017d4
9900677,Julia ni Heartbreak,The Checkers,https://www.youtube.com/watch?v=TAaJI58-M8E
9900678,KYOURAN Hey Kids!!,THE ORAL CIGARETTES,https://www.youtube.com/watch?v=hAme_N1RAag
9900679,Koi-no Vacance (VACANCE DE L'AMOUR),The Peanuts,https://www.youtube.com/watch?v=uEKObRidKac
9900680,Rock this Party,timelesz,https://www.youtube.com/watch?v=cy48uKytuhU
9900681,unravel,TK from Ling tosite sigure,https://www.youtube.com/watch?v=lXq8piWGbCg
9900682,Get Wild,TM NETWORK,https://www.youtube.com/watch?v=s0vrjhNRGrg
9900683,Kagayaki nagara,Tokunaga Hideaki,https://www.youtube.com/watch?v=muUWKg3TRZU
9900684,Kazeno Aeolia,Tokunaga Hideaki,https://www.youtube.com/watch?v=FKAPnDmUW2k
9900685,Kowarekakeno Radio,Tokunaga Hideaki,https://www.youtube.com/watch?v=3G6xpiNiSEE
9900686,Rainy Blue,Tokunaga Hideaki,https://www.youtube.com/watch?v=pJ5EhzI9clQ
9900687,Saigono Iiwake,Tokunaga Hideaki,https://www.youtube.com/watch?v=Qi9pVx0MH5g
9900688,Yumewo shinjite,Tokunaga Hideaki,https://www.youtube.com/watch?v=1ZN_BQ2GzeI
9900689,Oni No Utage (Demons Banquet),Tomonari Sora,https://www.youtube.com/watch?v=mHKpS4r-5WA
9900690,Tablet (Jozai),TOOBOE,https://www.youtube.com/watch?v=6kVXflCO5CU
9900691,Tsumugu,Tota,https://www.youtube.com/watch?v=cXh2DBB8wMU
9900692,Kaze ni Naru (Become the Wind),Tsuji Ayano,https://www.youtube.com/watch?v=C6Ku9IjOwqw
9900693,Remember Me,TUBE,https://www.youtube.com/watch?v=h4MtEspYJa0
9900694,Bansanka,tuki.,https://www.youtube.com/watch?v=g8Y_VyNSztY
9900695,Hyururirapappa,tuki.,https://www.youtube.com/watch?v=ugVTjp6t4uo
9900696,Seishun no Kage (Shadow of Youth),TULIP,https://www.youtube.com/watch?v=4xGJe1YA0Ig
9900697,Meni Shuki♡Rush-sshu! (Much-Love♡Rush!),Uma Musume,https://www.youtube.com/watch?v=ANqLXWMVCRU
9900698,Umi no koe,Urashima Taro (Kiritani Kenta),https://www.youtube.com/watch?v=kg5L9TtJduM
9900699,Ambivalent,Uru,https://www.youtube.com/watch?v=7--YZGffh9Y
9900700,Anata ga Iru Koto de,Uru,https://www.youtube.com/watch?v=nAmfRwFg4sU
9900701,Anata,Utada Hikaru,https://www.youtube.com/watch?v=ulXo0rfZuNQ
9900702,Automatic,Utada Hikaru,https://www.youtube.com/watch?v=auLTZnJDZ7Y
9900703,Be My Last,Utada Hikaru,https://www.youtube.com/watch?v=sySfptS6PQQ
9900704,Beautiful World,Utada Hikaru,https://www.youtube.com/watch?v=eTgZOEP4VBU
9900705,First Love,Utada Hikaru,https://www.youtube.com/watch?v=ePCw1TLnFHw
9900706,Flavor Of Life,Utada Hikaru,https://www.youtube.com/watch?v=NwlP1yG7OeY
9900707,One Last Kiss,Utada Hikaru,https://www.youtube.com/watch?v=cxlvaeNSGgE
9900708,Hadaka no yuusha,Vaundy,https://www.youtube.com/watch?v=aWAsLWH1R9Y
9900709,Kaiju no Hanauta,Vaundy,https://www.youtube.com/watch?v=LtaPJ5rDdZY
9900710,Odoriko,Vaundy,https://www.youtube.com/watch?v=gEGbSdHbdMQ
9900711,Time Paradox,Vaundy,https://www.youtube.com/watch?v=X0kJmb3D-C8
9900712,Fire Dance,Vivid BAD SQUAD,https://www.youtube.com/watch?v=kgCemmV5SYU
9900713,Ai wa Kusuri (The Apothecary Diaries),wacci,https://www.youtube.com/watch?v=6NGK7IMXX9M
9900714,Ano Kane wo Narasuno wa Anata,Wada Akiko,https://www.youtube.com/watch?v=F-6Q_SEXmNs
9900715,Butter-Fly,Wada Kouji,https://www.youtube.com/watch?v=eYLCeFwyN7o
9900716,Sabitsuita Machine Gun De Ima Wo Uchinuko,WANDS,https://www.youtube.com/watch?v=rlvfJiflY6I
9900717,Sekaiga owaru madewa･･･,WANDS,https://www.youtube.com/watch?v=hQdUEY4W3m4
9900718,"Kuchibiru yo, Atsuku Kimi wo Katare",Watanabe Machiko,https://www.youtube.com/watch?v=Zp5RTnRVx1o
9900719,My Revolution,Watanabe Misato,https://www.youtube.com/watch?v=ehDGhh3wzgI
9900720,EDISON,Wednesday Campanella,https://www.youtube.com/watch?v=wke_Aa0E_CU
9900721,Natsu Matsuri,Whiteberry,https://www.youtube.com/watch?v=6AaAku-jMOw
9900722,VIVID VICE,Who-ya Extended,https://www.youtube.com/watch?v=zrRA36YKEFE
9900723,Unknown Mother Goose,Wowaka feat. Hatsune Miku,https://www.youtube.com/watch?v=RqSX9IOvCW0
9900724,Forever Love,X,https://www.youtube.com/watch?v=1ZDM3cWk_UA
9900725,Sailor Fuku to Kikanju (Sailor Suit and MachineGun),Yakushimaru Hiroko,https://www.youtube.com/watch?v=vrpGdmxhnyg
9900726,Cosmos,Yamaguchi Momoe,https://www.youtube.com/watch?v=Rr3v5GTRLFM
9900727,Hito Natsu no Keiken,Yamaguchi Momoe,https://www.youtube.com/watch?v=JKeXjAgPEMA
9900728,Iihi Tabidachi,Yamaguchi Momoe,https://www.youtube.com/watch?v=wXetdulQhOE
9900729,Imitation gold,Yamaguchi Momoe,https://www.youtube.com/watch?v=JougTzh_icY
9900730,Doraemon no uta,Yamano Satoko,https://www.youtube.com/watch?v=TYdWdQmLVkU
9900731,Christmas eve,Yamashita Tatsuro,https://www.youtube.com/watch?v=b_hoMVEowXY
9900732,Ride on Time,Yamashita Tatsuro,https://www.youtube.com/watch?v=6THH9t2sO0c
9900733,"One more time, One more chance",Yamazaki Masayoshi,https://www.youtube.com/watch?v=r6E8pwKg7I8
9900734,Funauta,Yashiro Aki,https://www.youtube.com/watch?v=r9nEzya7vsE
9900735,Fly-Day Chinatown,Yasuha,https://www.youtube.com/watch?v=neCLrl9RPvc
9900736,Ano Yume wo Nazotte (Tracing A Dream),YOASOBI,https://www.youtube.com/watch?v=HDVkA83ZKeQ
9900737,Comet (Yasashii Suisei),YOASOBI,https://www.youtube.com/watch?v=eE_62Co6pjk
9900738,Gunjyou (Blue),YOASOBI,https://www.youtube.com/watch?v=Q5gCe8Orpc0
9900739,Haruka,YOASOBI,https://www.youtube.com/watch?v=LRvsVH_rXEs
9900740,Idol,YOASOBI,https://www.youtube.com/watch?v=FlJGdshO05s
9900741,Kaibutsu,YOASOBI,https://www.youtube.com/watch?v=i7-grec6LDU
9900742,Sangensyoku (RGB),YOASOBI,https://www.youtube.com/watch?v=wpQ4vSeLLVU
9900743,Shukufuku (The Blessing),YOASOBI,https://www.youtube.com/watch?v=F-_H6309BQo
9900744,Tabun,YOASOBI,https://www.youtube.com/watch?v=BJl6OTf_IBE
9900745,UNDEAD,YOASOBI,https://www.youtube.com/watch?v=c7v8ZUXkH1c
9900746,Yoruni kakeru (Racing Into The Night),YOASOBI,https://www.youtube.com/watch?v=iJbNXMk2AK8
9900747,Yuusha (The Brave),YOASOBI,https://www.youtube.com/watch?v=x_4knFCnbrw
9900748,BOW AND ARROW,Yonezu Kenshi,https://www.youtube.com/watch?v=vqgDnIpoPps
9900749,Eine Kleine,Yonezu Kenshi,https://www.youtube.com/watch?v=rW6iKZyn01I
9900750,Go Go Ghost Ship,Yonezu Kenshi,https://www.youtube.com/watch?v=VuivamemR4c
9900751,IRIS OUT,Yonezu Kenshi,https://www.youtube.com/watch?v=7WMnPIgc3E4
9900752,KICK BACK,Yonezu kenshi,https://www.youtube.com/watch?v=frcan4Jmhqk
9900753,LADY,Yonezu Kenshi,https://www.youtube.com/watch?v=RtDEb-9kRhc
9900754,Lemon,Yonezu Kenshi,https://www.youtube.com/watch?v=H_AKt7Sp5Ns
9900755,M87,Yonezu Kenshi,https://www.youtube.com/watch?v=RxZsO9KhuJw
9900756,orion,Yonezu Kenshi,https://www.youtube.com/watch?v=UirdHVdof4c
9900757,Peace sign,Yonezu Kenshi,https://www.youtube.com/watch?v=236J8BKgn9o
9900758,Plazma,Yonezu Kenshi,https://www.youtube.com/watch?v=g97MsZjkQI4
9900759,"Sayonara, Mata Itsuka!",Yonezu Kenshi,https://www.youtube.com/watch?v=1h9JB3rCs6Q
9900760,Uma to Shika,Yonezu Kenshi,https://www.youtube.com/watch?v=QJrcZ2PSfXc
9900761,JANE DOE,"Yonezu Kenshi, Utada Hikaru",https://www.youtube.com/watch?v=6oMEJjLq2QM
9900762,Dakara Bokuha Ongaku wo Yameta,Yorushika,https://www.youtube.com/watch?v=QxIMlw7-HWk
9900763,Hana ni Bourei (Ghost In A Flower),Yorushika,https://www.youtube.com/watch?v=wsvJbcG-BVg
9900764,Haru (Sunny),Yorushika,https://www.youtube.com/watch?v=oH8s05r4boM
9900765,Spring Thief,Yorushika,https://www.youtube.com/watch?v=USzVPsF4mVM
9900766,Syayou,Yorushika,https://www.youtube.com/watch?v=FlWLQ0dxsUE
9900767,Tada Kimi ni Hare (Just a Sunny Day for You),Yorushika,https://www.youtube.com/watch?v=oipOySXfKPY
9900768,Sake yo,Yoshi Ikuzo,https://www.youtube.com/watch?v=Kg03HrV6iAU
9900769,Yukiguni,Yoshi Ikuzo,https://www.youtube.com/watch?v=jY2v2cIWAJ0
9900770,Override,Yoshida Yasei,https://www.youtube.com/watch?v=ZF1m-muQH1Q
9900771,again,YUI,https://www.youtube.com/watch?v=eK4C9LMakHA
9900772,"Kyoufuu all back (Powerful Wind, Slicked-back Hair)",Yukopi,https://www.youtube.com/watch?v=4AK0v7L0jaM
9900773,Aisaretai,Yumcha,https://www.youtube.com/watch?v=_3312iFmRHU
9900774,Betelgeuse,Yuuri,https://www.youtube.com/watch?v=3Z5bUVOQ0ak
9900775,Billimillion,Yuuri,https://www.youtube.com/watch?v=XTz3p1ZhK8Y
9900776,Curtain Call,Yuuri,https://www.youtube.com/watch?v=ZXZ7kRBt4Sg
9900777,Dry Flower,Yuuri,https://www.youtube.com/watch?v=KjaZIg9Gta0
9900778,Kakurenbo,Yuuri,https://www.youtube.com/watch?v=ZD8VoT8sF8Y
9900779,Leo,Yuuri,https://www.youtube.com/watch?v=3cy7rn2-Od0
9900780,Eikou no Kakehashi,Yuzu,https://www.youtube.com/watch?v=9sXcYPv3MwI
9900781,Friend: Time to Depart (Tomo ～Tabidachi no Toki～),Yuzu,https://www.youtube.com/watch?v=gG238EPMzyM
9900782,Hyouri ittai,Yuzu,https://www.youtube.com/watch?v=be3cmm9fuUY
9900783,Natsu-iro (The Color of Summer),Yuzu,https://www.youtube.com/watch?v=vA5Bpw6lvno
9900784,REASON,Yuzu,https://www.youtube.com/watch?v=JE5GVRvEzq8
9900785,Don't you see!,ZARD,https://www.youtube.com/watch?v=YZShw0Us1ik
9900786,Kokoro Hiraite,ZARD,https://www.youtube.com/watch?v=hNhQDAmEIHU
9900787,Makenaide,ZARD,https://www.youtube.com/watch?v=GQnxMjfzVT8
9900788,My friend,ZARD,https://www.youtube.com/watch?v=DRnJ6E1EhQ0
9900789,Yureru omoi,ZARD,https://www.youtube.com/watch?v=DijFbQBcIdY
9900790,"secret base ""Kimiga kureta mono""",ZONE,https://www.youtube.com/watch?v=1xg5yCSW8d4
9900791,Sukidakara (Because I like you),『Yuika』,https://www.youtube.com/watch?v=il6QcfDgfbk
